choiceID, notes, location
1,None1,{$Lat$:24.77920027112631#$Lng$:46.607062293959736}
2,None2,{$Lat$:24.76404230498755#$Lng$:46.641737891746985}
3,None3,{$Lat$:21.520461277029252#$Lng$:39.21790121410377}
